{
  "analyses": {
    "success_rate": {
      "treatment_mean": 85.76537577496963,
      "baseline_mean": 80.6699502269149,
      "lower_is_better": false,
      "metric": "success_rate",
      "treatment_std": 4.838207076061272,
      "improvement_pct": 6.316386131046194,
      "baseline_std": 4.4248880765280765
    },
    "collision_rate": {
      "treatment_mean": 1.3534162973819883,
      "baseline_mean": 1.9829101199853973,
      "lower_is_better": true,
      "metric": "collision_rate",
      "treatment_std": 0.41304011433010046,
      "improvement_pct": 31.74595844051897,
      "baseline_std": 0.33436597625298686
    },
    "avg_jerk": {
      "treatment_mean": 2.7749946052696313,
      "baseline_mean": 3.5906890049925293,
      "lower_is_better": true,
      "metric": "avg_jerk",
      "treatment_std": 0.1208850788333938,
      "improvement_pct": 22.716932560540567,
      "baseline_std": 0.2722049567823598
    },
    "freezing_rate": {
      "treatment_mean": 10.44651711054902,
      "baseline_mean": 16.420254423920287,
      "lower_is_better": true,
      "metric": "freezing_rate",
      "treatment_std": 1.7123765839287062,
      "improvement_pct": 36.38029691348141,
      "baseline_std": 2.632973891273048
    }
  },
  "validation": {
    "jerk_improvement_target_met": true,
    "freezing_reduction_target_met": true,
    "overall_success": true
  },
  "treatment_condition": "a4_eph",
  "timestamp": "2025-12-24T12:51:24.072",
  "baseline_condition": "a1_baseline"
}