{
  "results_dir": "results/ablation",
  "timestamp": "2025-12-24T15:28:38.086",
  "conditions": {
    "a1_baseline": {
      "n_experiments": 5,
      "metrics": {
        "success_rate": {
          "median": 81.09200655355136,
          "n": 5,
          "max": 85.84755870123519,
          "min": 75.43538306830037,
          "mean": 80.6699502269149,
          "std": 4.4248880765280765
        },
        "collision_rate": {
          "median": 2.128424248054664,
          "n": 5,
          "max": 2.315810415558376,
          "min": 1.5600707020228004,
          "mean": 1.9829101199853973,
          "std": 0.33436597625298686
        },
        "avg_jerk": {
          "median": 3.5387417634981033,
          "n": 5,
          "max": 3.9007608390753563,
          "min": 3.2800235106695323,
          "mean": 3.5906890049925293,
          "std": 0.2722049567823598
        },
        "freezing_rate": {
          "median": 16.946842083815408,
          "n": 5,
          "max": 19.31604982713424,
          "min": 12.378619553371122,
          "mean": 16.420254423920287,
          "std": 2.632973891273048
        },
        "min_ttc": {
          "median": 3.8526130532194323,
          "n": 5,
          "max": 4.398063459639016,
          "min": 3.64890240062116,
          "mean": 3.9423025679774475,
          "std": 0.32351926383408186
        }
      },
      "condition": "a1_baseline"
    },
    "a4_eph": {
      "n_experiments": 5,
      "metrics": {
        "success_rate": {
          "median": 83.71319573654459,
          "n": 5,
          "max": 92.30038207369698,
          "min": 80.17254756490138,
          "mean": 85.76537577496963,
          "std": 4.838207076061272
        },
        "collision_rate": {
          "median": 1.3096271119511194,
          "n": 5,
          "max": 1.9828303747781986,
          "min": 0.9147233431268549,
          "mean": 1.3534162973819883,
          "std": 0.41304011433010046
        },
        "avg_jerk": {
          "median": 2.7426937108905545,
          "n": 5,
          "max": 2.905398797773641,
          "min": 2.6081942121488755,
          "mean": 2.7749946052696313,
          "std": 0.1208850788333938
        },
        "freezing_rate": {
          "median": 9.594186997635923,
          "n": 5,
          "max": 12.622034711466998,
          "min": 8.568125373278402,
          "mean": 10.44651711054902,
          "std": 1.7123765839287062
        },
        "min_ttc": {
          "median": 4.479763299875822,
          "n": 5,
          "max": 5.09897983490627,
          "min": 4.384119660723941,
          "mean": 4.6787460565752115,
          "std": 0.33277756020819615
        }
      },
      "condition": "a4_eph"
    }
  }
}