{
  "performance": {
    "success_rate": 89.04245877077919,
    "collision_rate": 1.3096271119511194,
    "num_successes": 9,
    "num_collisions": 1
  },
  "simulation": {
    "num_agents": 10,
    "total_time": 99.0,
    "total_steps": 3000
  },
  "motion_quality": {
    "num_freezing_events": 1,
    "avg_jerk": 2.737851225383253,
    "freezing_rate": 9.586773771037615,
    "min_ttc": 4.479763299875822
  }
}