{
  "performance": {
    "success_rate": 83.59829472892596,
    "collision_rate": 1.078601172425681,
    "num_successes": 9,
    "num_collisions": 1
  },
  "simulation": {
    "num_agents": 10,
    "total_time": 99.0,
    "total_steps": 3000
  },
  "motion_quality": {
    "num_freezing_events": 1,
    "avg_jerk": 2.7426937108905545,
    "freezing_rate": 9.594186997635923,
    "min_ttc": 4.384119660723941
  }
}