{
  "performance": {
    "success_rate": 92.30038207369698,
    "collision_rate": 1.4812994846280876,
    "num_successes": 9,
    "num_collisions": 1
  },
  "simulation": {
    "num_agents": 10,
    "total_time": 99.0,
    "total_steps": 3000
  },
  "motion_quality": {
    "num_freezing_events": 1,
    "avg_jerk": 2.6081942121488755,
    "freezing_rate": 8.568125373278402,
    "min_ttc": 4.977422642777271
  }
}