{
  "performance": {
    "success_rate": 83.71319573654459,
    "collision_rate": 0.9147233431268549,
    "num_successes": 9,
    "num_collisions": 1
  },
  "simulation": {
    "num_agents": 10,
    "total_time": 99.0,
    "total_steps": 3000
  },
  "motion_quality": {
    "num_freezing_events": 1,
    "avg_jerk": 2.905398797773641,
    "freezing_rate": 11.861464699326165,
    "min_ttc": 4.453444844592748
  }
}