{
  "performance": {
    "success_rate": 81.09200655355136,
    "collision_rate": 1.6954420518051707,
    "num_successes": 8,
    "num_collisions": 2
  },
  "simulation": {
    "num_agents": 10,
    "total_time": 99.0,
    "total_steps": 3000
  },
  "motion_quality": {
    "num_freezing_events": 4,
    "avg_jerk": 3.9007608390753563,
    "freezing_rate": 16.946842083815408,
    "min_ttc": 3.667039729188855
  }
}