{
  "phase2": {
    "avg_separation": 207.9770109557339,
    "separation_history": [
      134.60398334077524,
      137.96673072786936,
      142.48099365738852,
      148.18762617534213,
      155.13426710585125,
      163.4332091012273,
      173.25297086478008,
      184.66494797834275,
      197.52923776892945,
      191.49329322225455,
      197.40909400690455,
      204.41023134240356,
      212.49226271154174,
      221.20171107460857,
      179.97173039447972,
      187.76378735759664,
      197.81719387635513,
      209.63097870822975,
      222.81082351523483,
      237.12867988310373,
      252.426181315647,
      276.4394186361141,
      279.55124159957666,
      276.81984975093803,
      274.6615754145661,
      257.05237788751214,
      246.1274492924962,
      235.55604048088745,
      225.43593450107065,
      215.85650697999012
    ],
    "avg_self_haze": 0.7379333327227603,
    "self_haze_history": [
      0.6496190953119421,
      0.7061893105576634,
      0.7093456332187988,
      0.7101798003853634,
      0.7214904803634721,
      0.7301267687134619,
      0.7460758725873383,
      0.7271123406296313,
      0.7264978810699662,
      0.7556505446767267,
      0.7439107368251593,
      0.738032436450978,
      0.7397743627787337,
      0.7376531601501115,
      0.7425197891606226,
      0.7618840020225338,
      0.7459452211419048,
      0.7447073680812564,
      0.744761097391488,
      0.7420677063868314,
      0.7314760893478564,
      0.7490787271745706,
      0.7716533778438543,
      0.7722030829804327,
      0.7521610934060592,
      0.7494618251657659,
      0.7551637396844982,
      0.7488508587227252,
      0.7422506762327571,
      0.7421569032203045
    ],
    "final_coverage": 0.58,
    "avg_env_haze": 85.93789179540099,
    "coverage_history": [
      0.12,
      0.135,
      0.1425,
      0.165,
      0.18,
      0.21,
      0.225,
      0.2375,
      0.265,
      0.28,
      0.295,
      0.3,
      0.3125,
      0.315,
      0.3525,
      0.3625,
      0.375,
      0.4,
      0.4125,
      0.4275,
      0.445,
      0.465,
      0.485,
      0.4925,
      0.5075,
      0.5225,
      0.54,
      0.555,
      0.5725,
      0.58
    ],
    "env_haze_history": [
      39.60980326042517,
      47.03970327870168,
      51.200589697800524,
      55.498678560916986,
      59.93512872821719,
      66.23158599622087,
      72.0825471243233,
      77.01781201335702,
      79.13682645561018,
      85.3135934570204,
      83.88640989885343,
      85.11100531733206,
      87.33003226249662,
      86.35463010465196,
      88.09129261873827,
      90.7276150089978,
      91.22935781157831,
      93.58463026869845,
      94.43519654468352,
      96.43736145338879,
      99.32697792146602,
      99.05610968472732,
      102.5432817401561,
      102.31646925913239,
      101.55086027779849,
      101.93132442982045,
      108.40732012006673,
      108.41100251521581,
      109.61103966351057,
      114.72856838812328
    ]
  },
  "comparison": {
    "self_haze_diff": 0.17660106945810083,
    "coverage_diff": -9.750000000000004,
    "separation_diff": 8.875407941372544
  },
  "phase1": {
    "avg_separation": 199.10160301436136,
    "separation_history": [
      132.4510043336595,
      132.76735393268314,
      133.4088465440722,
      134.53141525541548,
      136.30517609793642,
      138.92277753678417,
      142.61586864447776,
      147.6625637501698,
      154.34801132481144,
      162.8804589563718,
      173.3413165230718,
      185.6754937226031,
      199.71082236544453,
      245.55327900212552,
      254.06342272344403,
      263.4208727406059,
      273.5736335783528,
      284.4782521278538,
      303.9166204003945,
      247.04545929099692,
      241.6033278294878,
      249.09761302852107,
      237.2091576048302,
      226.1796555778122,
      215.97261384502048,
      206.60759892900364,
      198.14171458460308,
      190.67725591723826,
      188.21334567192184,
      172.67315859112628
    ],
    "avg_self_haze": 0.5613322632646595,
    "self_haze_history": [
      0.5387140399381452,
      0.539193090835282,
      0.5123202943534305,
      0.5308514190152087,
      0.531096559318367,
      0.5313586124124212,
      0.5311093756136999,
      0.5577458448629061,
      0.5325126498995858,
      0.5359946231683359,
      0.5660264587082035,
      0.5815574780326994,
      0.5690708324174222,
      0.5683329374825048,
      0.5881538184433075,
      0.5890079471118984,
      0.6148198267992141,
      0.5620702781576419,
      0.5597011074372393,
      0.5600266729928559,
      0.5643808990600975,
      0.5699078507732694,
      0.5836762415506873,
      0.5993207547713864,
      0.5708486988703906,
      0.5715159890210273,
      0.5882937009658946,
      0.5623496990559583,
      0.5636418055315281,
      0.5663683913391738
    ],
    "final_coverage": 0.6775,
    "coverage_history": [
      0.12,
      0.12,
      0.145,
      0.165,
      0.165,
      0.1825,
      0.21,
      0.225,
      0.2325,
      0.2575,
      0.2725,
      0.2975,
      0.31,
      0.35,
      0.375,
      0.4075,
      0.43,
      0.455,
      0.49,
      0.5225,
      0.5325,
      0.56,
      0.575,
      0.6,
      0.62,
      0.635,
      0.655,
      0.665,
      0.6775,
      0.6775
    ]
  },
  "metadata": {
    "num_steps": 300,
    "num_agents": 5,
    "experiment_type": "phase1_vs_phase2",
    "timestamp": "2025-11-24_23-30-37"
  }
}